{
    "dataset": "pyg_dataset.pt",
    "metric": "mae",
    "epochs": {
      "base": 300,
      "transformer": 300
    },
    "seed": 42,
    "base_test_curve": [
      2.0011990070343018,
      1.8867271343866985,
      1.7718616724014282,
      1.5089985926946003,
      1.163918932278951,
      0.7556468844413757,
      0.6024529536565145,
      0.4564417501290639,
      0.388508399327596,
      0.3463474015394847,
      0.29819539189338684,
      0.2610210378964742,
      0.25523736079533893,
      0.20486350854237875,
      0.18955064813296,
      0.2181327243645986,
      0.21057647466659546,
      0.20386565725008646,
      0.15439308683077493,
      0.16808254520098367,
      0.17010758320490518,
      0.150617316365242,
      0.13358208040396372,
      0.1261162186662356,
      0.14217128356297812,
      0.12411656727393468,
      0.12403352558612823,
      0.13322791457176208,
      0.1452193707227707,
      0.1382045696179072,
      0.13977432250976562,
      0.14377886056900024,
      0.15005648136138916,
      0.11099631836016972,
      0.11366397142410278,
      0.1290838768084844,
      0.09772798667351405,
      0.11489859223365784,
      0.12946674972772598,
      0.10532319049040477,
      0.09202045947313309,
      0.11730468521515529,
      0.08196303248405457,
      0.10303107649087906,
      0.09243797262509663,
      0.10588587323824565,
      0.09793325265248616,
      0.1399227778116862,
      0.11992634584506352,
      0.13903942704200745,
      0.1694152702887853,
      0.13200372209151587,
      0.10561795781056087,
      0.11101548622051875,
      0.11022475858529408,
      0.10890793303648631,
      0.10770471145709355,
      0.10634846240282059,
      0.10505712032318115,
      0.10711914300918579,
      0.12450292706489563,
      0.1014139677087466,
      0.1047700767715772,
      0.11236981550852458,
      0.11634033918380737,
      0.09324229756991069,
      0.12574442476034164,
      0.10054838160673778,
      0.12740551928679147,
      0.09963331868251164,
      0.11903774738311768,
      0.11851840714613597,
      0.10915581633647282,
      0.10313211133082707,
      0.10630213965972264,
      0.1129404604434967,
      0.11912740767002106,
      0.11468658844629924,
      0.10242895533641179,
      0.11152175813913345,
      0.10825924078623454,
      0.11564736564954121,
      0.10475578159093857,
      0.09977324803670247,
      0.11376067002614339,
      0.12746046980222067,
      0.12122450023889542,
      0.11949049681425095,
      0.10715927928686142,
      0.11344071726004283,
      0.1048195833961169,
      0.1146874154607455,
      0.10618732372919719,
      0.11658896505832672,
      0.10677953064441681,
      0.10930672536293666,
      0.10634303589661916,
      0.1076263760526975,
      0.11255507419506709,
      0.10869484394788742,
      0.10848539074261983,
      0.11153759310642879,
      0.1069914201895396,
      0.11357860018809636,
      0.10959406693776448,
      0.11113863190015157,
      0.11221154530843098,
      0.10934431354204814,
      0.11025598645210266,
      0.11101543654998143,
      0.10955153902371724,
      0.11339592436949412,
      0.11145130793253581,
      0.110557422041893,
      0.1123252809047699,
      0.11034554243087769,
      0.11371033638715744,
      0.1130287895600001,
      0.10991498331228892,
      0.10865769038597743,
      0.11250507831573486,
      0.1112779825925827,
      0.11011688162883122,
      0.11246187736590703,
      0.10931477944056193,
      0.11400637030601501,
      0.10934039205312729,
      0.11000528434912364,
      0.11086174597342809,
      0.11085144182046254,
      0.11093640327453613,
      0.11172203967968623,
      0.1110542764266332,
      0.107743705312411,
      0.11289508889118831,
      0.11156563957532246,
      0.11296306550502777,
      0.11039088914791743,
      0.1101212352514267,
      0.11253767708937328,
      0.11135942737261455,
      0.10901203006505966,
      0.11135800182819366,
      0.11330211659272511,
      0.10952477902173996,
      0.11387629806995392,
      0.11082430680592854,
      0.11147272338469823,
      0.10859475533167522,
      0.10931777209043503,
      0.10980962216854095,
      0.111930546661218,
      0.1112547218799591,
      0.10960951695839564,
      0.11214813590049744,
      0.11316634466250737,
      0.11129578948020935,
      0.1077424834171931,
      0.11206330358982086,
      0.11038157343864441,
      0.11069885889689128,
      0.11263112723827362,
      0.11275264124075572,
      0.1089869091908137,
      0.11138015488783519,
      0.10839607814947765,
      0.11296749363342921,
      0.11139850318431854,
      0.1094372570514679,
      0.1159941554069519,
      0.11012022197246552,
      0.11460360139608383,
      0.10947320610284805,
      0.10750213762124379,
      0.11163799464702606,
      0.11666451146205266,
      0.11215736468633015,
      0.10997021446625392,
      0.11118090401093166,
      0.11122069259484609,
      0.1131677155693372,
      0.11238773415486018,
      0.11031726499398549,
      0.1094721332192421,
      0.1128570760289828,
      0.11073296517133713,
      0.11174031595389049,
      0.1101074367761612,
      0.11520897100369136,
      0.11023822178443272,
      0.11070440709590912,
      0.11210996905962627,
      0.10961018999417622,
      0.10973838220040004,
      0.11355406790971756,
      0.10835319509108861,
      0.11025078594684601,
      0.11453154683113098,
      0.11244804908831914,
      0.1126549666126569,
      0.11057076106468837,
      0.1108329991499583,
      0.10857098052899043,
      0.1141803190112114,
      0.11027908821900685,
      0.11513100564479828,
      0.10949629793564479,
      0.11377601822217305,
      0.11297388126452763,
      0.1134687935312589,
      0.1133851706981659,
      0.11089296887318294,
      0.11503300567468007,
      0.11381677289803822,
      0.1116807038585345,
      0.10876932243506114,
      0.11136697977781296,
      0.11453075706958771,
      0.11067813138167064,
      0.11241015791893005,
      0.11009293794631958,
      0.11162860939900081,
      0.10932690153519313,
      0.11142984529336293,
      0.11655312776565552,
      0.11117711414893468,
      0.10917847355206807,
      0.11414666722218196,
      0.11151498556137085,
      0.11104775965213776,
      0.11368811627229054,
      0.11709512273470561,
      0.11447795977195104,
      0.1112135797739029,
      0.10821468383073807,
      0.11864466965198517,
      0.10818641881148021,
      0.11416912823915482,
      0.11284430573383968,
      0.11198845754067104,
      0.11563374102115631,
      0.10920290400584538,
      0.11289988706509273,
      0.11120477815469106,
      0.11458622167507808,
      0.11288127551476161,
      0.11320355782906215,
      0.11086380481719971,
      0.11568363010883331,
      0.11270608007907867,
      0.11484124511480331,
      0.11179455369710922,
      0.11523719628651936,
      0.11188318332036336,
      0.1147416631380717,
      0.11342648168404897,
      0.11042823642492294,
      0.11281959215799968,
      0.11136956512928009,
      0.11305215458075206,
      0.11524476855993271,
      0.1120301087697347,
      0.11350961526234944,
      0.11094753692547481,
      0.11243389050165813,
      0.11043609182039897,
      0.11515380442142487,
      0.10877376049757004,
      0.11184183756510417,
      0.11492988963921864,
      0.11197126905123393,
      0.11787184576193492,
      0.11405919243892033,
      0.11872100581725438,
      0.11219973117113113,
      0.11444707214832306,
      0.11392295857270558,
      0.10804323852062225,
      0.11801958580811818,
      0.11457016567389171,
      0.10948036859432857,
      0.11353924373785655,
      0.11377280950546265,
      0.1110700046022733,
      0.11650497217973073,
      0.11125816404819489,
      0.11680011947949727,
      0.11176050454378128,
      0.11321597546339035,
      0.11209753404061,
      0.11566187938054402,
      0.1133590539296468,
